{"confusion_matrix": [[1113, 92], [85, 67]], "classification_report": {"False": {"precision": 0.9290484140233722, "recall": 0.9236514522821577, "f1-score": 0.9263420724094882, "support": 1205.0}, "True": {"precision": 0.42138364779874216, "recall": 0.4407894736842105, "f1-score": 0.4308681672025723, "support": 152.0}, "accuracy": 0.8695652173913043, "macro avg": {"precision": 0.6752160309110572, "recall": 0.6822204629831841, "f1-score": 0.6786051198060302, "support": 1357.0}, "weighted avg": {"precision": 0.8721839744757349, "recall": 0.8695652173913043, "f1-score": 0.8708431530348004, "support": 1357.0}}, "accuracy_score": 0.8695652173913043}